"pitches","player_id","player_name","api_game_date_month_text","year","total_pitches","pitch_percent","ba","iso","babip","slg","woba","xwoba","xba","hits","abs","launch_speed","launch_angle","spin_rate","velocity","effective_speed","whiffs","swings","takes","eff_min_vel","release_extension","pos3_int_start_distance","pos4_int_start_distance","pos5_int_start_distance","pos6_int_start_distance","pos7_int_start_distance","pos8_int_start_distance","pos9_int_start_distance"
2058,"CWS","CWS","Sep/Oct",2022,4727,43.5,0.222,0.13,0.269,0.352,0.292,0.302,0.228,103,463,89.4,19.7,2364,94.2,94.28,240,1050,1007,0.09999999999999432,6.36,109,151,114,148,293,321,289
2037,"LAD","LAD","Sep/Oct",2022,4629,44,0.211,0.15,0.256,0.362,0.294,0.296,0.218,97,459,90,20.3,2343,93.6,93.69,226,1028,1009,0.10000000000000853,6.35,111,156,117,147,297,315,291
1952,"LAD","LAD","Aug",2022,3884,50.3,0.208,0.146,0.262,0.354,0.288,0.307,0.22,87,418,89.6,21.7,2352,93.8,93.67,236,970,982,-0.09999999999999432,6.26,111,157,118,148,297,315,292
1941,"AZ","AZ","Sep/Oct",2022,4863,39.9,0.213,0.22,0.211,0.433,0.324,0.334,0.232,94,441,90,20.9,2312,93.9,93.83,183,938,1002,-0.10000000000000853,6.4,110,153,124,149,297,322,295
1933,"MIN","MIN","Sep/Oct",2022,4829,40,0.253,0.156,0.292,0.409,0.326,0.351,0.258,102,403,89.2,22.5,2298,93.4,93.5,206,990,943,0.09999999999999432,6.36,112,157,118,150,293,323,289
1821,"SEA","SEA","May",2022,4075,44.7,0.26,0.197,0.304,0.457,0.347,0.352,0.262,106,407,91.4,18.8,2182,93.2,93.59,224,965,856,0.3999999999999915,6.55,111,152,120,147,292,321,291
1820,"MIN","MIN","Jun",2022,4102,44.4,0.246,0.176,0.266,0.422,0.337,0.341,0.244,95,386,91.1,19.2,2277,92.7,92.51,170,889,931,-0.20000000000000284,6.15,111,156,115,149,296,326,287
1793,"MIN","MIN","May",2022,4370,41,0.257,0.167,0.29,0.424,0.341,0.366,0.271,91,354,91.1,20.8,2249,92.8,92.59,180,873,920,-0.20000000000000284,6.19,109,156,115,149,299,329,291
1774,"CWS","CWS","Aug",2022,4129,43,0.222,0.113,0.274,0.335,0.281,0.277,0.203,86,388,88.2,20.4,2365,94.5,94.58,219,923,851,0.09999999999999432,6.35,109,153,111,149,300,328,300
1757,"DET","DET","Sep/Oct",2022,4759,36.9,0.265,0.214,0.283,0.479,0.371,0.362,0.255,103,388,90.2,17.8,2233,93,92.99,163,865,892,0,6.3,109,156,116,146,300,331,294
1750,"SEA","SEA","Sep/Oct",2022,4539,38.6,0.254,0.109,0.321,0.363,0.306,0.309,0.239,98,386,88.2,21.8,2239,93.9,94.19,211,932,818,0.29999999999999716,6.47,112,153,116,147,294,321,296
1745,"HOU","HOU","May",2022,3972,43.9,0.229,0.097,0.271,0.326,0.291,0.341,0.251,87,380,89.9,17.9,2330,94.2,93.87,176,921,824,-0.29999999999999716,6.23,116,155,119,150,290,324,295
1743,"HOU","HOU","Jul",2022,4010,43.5,0.225,0.186,0.257,0.411,0.317,0.292,0.204,87,387,89.9,25.1,2316,94.1,93.61,214,926,817,-0.5,6.16,113,156,113,149,293,324,293
1717,"BAL","BAL","May",2022,4399,39,0.291,0.201,0.331,0.492,0.379,0.388,0.295,110,378,91.8,19.5,2276,93.6,93.78,169,818,899,0.20000000000000284,6.39,109,157,114,150,302,323,295
1695,"CLE","CLE","Sep/Oct",2022,4913,34.5,0.231,0.166,0.254,0.397,0.317,0.348,0.25,82,355,90.8,20.5,2322,93.5,92.31,199,829,866,-1.2000000000000028,6.42,112,157,117,150,294,310,290
1695,"DET","DET","May",2022,4096,41.4,0.231,0.201,0.246,0.432,0.336,0.371,0.255,78,338,93,18,2218,93.7,93.39,138,820,875,-0.29999999999999716,6.19,109,156,115,150,301,327,295
1687,"LAD","LAD","Jul",2022,3623,46.6,0.219,0.133,0.251,0.352,0.284,0.303,0.236,79,361,87.9,20.4,2331,93.3,93.39,167,834,853,0.10000000000000853,6.26,110,156,119,148,304,314,292
1678,"OAK","OAK","Aug",2022,3936,42.6,0.268,0.19,0.29,0.458,0.352,0.348,0.263,99,369,90.3,18.7,2110,93,92.62,141,833,845,-0.4000000000000057,6.15,111,154,114,150,301,320,296
1674,"BOS","BOS","Sep/Oct",2022,4451,37.6,0.289,0.225,0.337,0.514,0.382,0.356,0.253,100,346,90.5,22,2210,93.8,93.92,181,813,860,0.10000000000000853,6.49,108,158,115,150,291,329,294
1671,"CIN","CIN","Sep/Oct",2022,5014,33.3,0.202,0.16,0.244,0.362,0.318,0.325,0.208,63,312,89,18,2335,94.4,94.51,192,758,913,0.09999999999999432,6.38,112,150,119,147,290,318,290
1650,"SEA","SEA","Jun",2022,4138,39.9,0.234,0.184,0.251,0.418,0.326,0.345,0.25,84,359,90.3,19.9,2170,93.3,93.64,174,831,819,0.29999999999999716,6.57,111,154,120,147,291,324,294
1636,"MIN","MIN","Aug",2022,4093,40,0.248,0.123,0.322,0.371,0.313,0.328,0.244,81,326,90.2,20.1,2316,93.5,93.65,205,849,787,0.09999999999999432,6.36,112,158,119,151,297,331,292
1634,"CWS","CWS","May",2022,4187,39,0.24,0.173,0.292,0.413,0.317,0.314,0.232,83,346,91.3,18.5,2333,95.1,95.25,189,800,834,0.10000000000000853,6.45,109,150,111,147,301,324,300
1621,"KC","KC","Aug",2022,4358,37.2,0.274,0.159,0.304,0.432,0.347,0.386,0.292,95,347,91.2,18.5,2281,94,94.21,140,776,845,0.20000000000000284,6.36,110,154,116,148,306,328,305
1621,"CIN","CIN","May",2022,4135,39.2,0.234,0.234,0.26,0.469,0.359,0.368,0.242,75,320,92.4,19.5,2347,95.1,95.11,193,763,858,0,6.37,117,155,124,146,293,318,292
1616,"KC","KC","Sep/Oct",2022,4547,35.5,0.314,0.166,0.375,0.48,0.378,0.338,0.26,104,331,90.9,14.5,2273,93.5,91.55,161,792,824,-1.9000000000000057,6.34,108,155,116,149,293,324,294
1608,"LAD","LAD","Jun",2022,3655,44,0.227,0.134,0.27,0.361,0.306,0.307,0.224,76,335,89.3,19.3,2348,93.6,93.6,185,817,791,0,6.24,110,155,115,148,299,318,293
1605,"BAL","BAL","Jul",2022,3761,42.7,0.256,0.174,0.292,0.43,0.331,0.337,0.259,90,351,91.9,18,2287,93.9,93.89,181,793,812,0,6.36,109,159,115,150,301,323,296
1599,"CHC","CHC","Aug",2022,4607,34.7,0.272,0.234,0.283,0.506,0.377,0.372,0.268,92,338,90.2,18.9,2315,93.1,80.73,164,746,853,-12.399999999999991,6.35,108,152,118,153,300,319,290
1592,"CIN","CIN","Jul",2022,4077,39,0.218,0.174,0.27,0.392,0.316,0.319,0.223,75,344,90.3,22.4,2362,95.1,95,189,774,818,-0.09999999999999432,6.25,113,150,120,145,292,319,289
1580,"CWS","CWS","Jun",2022,4144,38.1,0.291,0.199,0.359,0.49,0.381,0.371,0.271,89,306,91.3,18.3,2351,94.8,94.72,191,755,824,-0.09999999999999432,6.35,108,151,113,148,299,331,299
1577,"TOR","TOR","Jun",2022,4107,38.4,0.283,0.184,0.327,0.467,0.357,0.365,0.273,100,353,91.5,17.2,2265,94.1,94.09,159,812,765,0,6.42,110,159,122,149,297,320,298
1560,"HOU","HOU","Jun",2022,3583,43.5,0.224,0.158,0.242,0.382,0.318,0.347,0.25,74,330,91.5,22.3,2357,94.4,93.93,167,797,763,-0.5,6.14,114,156,115,149,294,326,288
1545,"LAD","LAD","May",2022,4100,37.7,0.267,0.234,0.308,0.502,0.379,0.353,0.243,88,329,88.6,18.7,2305,94,94.03,159,725,820,0,6.37,111,154,118,150,295,317,293
1523,"ATL","ATL","May",2022,4213,36.2,0.238,0.122,0.295,0.359,0.313,0.333,0.237,82,345,91.3,18.7,2225,94.6,94.36,174,766,757,-0.19999999999998863,6.48,108,151,120,147,303,327,297
1522,"TOR","TOR","Sep/Oct",2022,4675,32.6,0.246,0.167,0.281,0.412,0.322,0.342,0.262,87,354,90.5,19.1,2271,93.7,93.67,139,760,761,0,6.41,112,158,117,151,299,323,298
1516,"ATL","ATL","Aug",2022,4105,36.9,0.257,0.165,0.298,0.422,0.33,0.341,0.256,89,346,91.2,17.2,2288,94.7,95.01,176,764,752,0.29999999999999716,6.42,115,153,121,149,306,318,301
1507,"KC","KC","Jul",2022,4156,36.3,0.258,0.207,0.26,0.465,0.357,0.371,0.281,81,314,89.2,13.5,2275,93.8,93.86,121,686,821,0.10000000000000853,6.36,111,157,117,149,301,323,299
1501,"OAK","OAK","Sep/Oct",2022,4509,33.3,0.3,0.26,0.353,0.56,0.404,0.377,0.281,98,327,91.8,19.2,2191,93.3,93.59,163,707,794,0.29999999999999716,6.52,110,151,117,149,302,324,297
1485,"CLE","CLE","Jun",2022,4070,36.5,0.316,0.266,0.335,0.582,0.416,0.421,0.307,102,323,92.3,19.3,2248,93.2,93.51,146,750,735,0.29999999999999716,6.41,108,154,118,149,299,320,294
1484,"HOU","HOU","Sep/Oct",2022,4466,33.2,0.225,0.188,0.28,0.413,0.318,0.319,0.232,66,293,89.2,21,2347,94.5,93.99,192,746,738,-0.5,6.1,113,155,115,150,292,321,295
1483,"WSH","WSH","Jun",2022,4110,36.1,0.272,0.233,0.267,0.505,0.378,0.381,0.266,90,331,92.2,18.3,2244,94,94.25,103,645,838,0.29999999999999716,6.54,114,155,119,147,303,322,300
1482,"TOR","TOR","Aug",2022,3917,37.8,0.27,0.148,0.343,0.418,0.345,0.34,0.253,84,311,90.6,18.5,2312,94,93.94,176,738,744,-0.09999999999999432,6.42,110,160,116,150,291,322,297
1480,"STL","STL","Sep/Oct",2022,4510,32.8,0.281,0.148,0.345,0.429,0.351,0.32,0.247,95,338,88.5,9,2259,93.9,94.28,132,734,746,0.3999999999999915,6.5,113,152,116,149,299,315,295
1480,"TOR","TOR","May",2022,3712,39.9,0.284,0.175,0.335,0.459,0.354,0.353,0.27,94,331,90.1,19.6,2239,93.6,93.65,148,741,739,0.10000000000000853,6.5,107,163,119,149,294,317,296
1479,"HOU","HOU","Aug",2022,3922,37.7,0.243,0.135,0.299,0.377,0.311,0.314,0.237,81,334,90.6,19,2352,94.3,93.71,196,789,689,-0.5999999999999943,6.13,111,156,114,149,294,323,292
1471,"BAL","BAL","Aug",2022,3765,39.1,0.276,0.192,0.284,0.468,0.365,0.351,0.263,85,308,90.6,15.3,2279,94.1,94.09,119,704,767,0,6.35,108,157,115,150,302,323,295
1469,"MIA","MIA","Sep/Oct",2022,4721,31.1,0.268,0.279,0.316,0.546,0.38,0.342,0.242,75,280,89.9,20.3,2291,95,94.91,177,686,783,-0.09999999999999432,6.36,111,154,117,150,299,315,291
1467,"CHC","CHC","Jun",2022,4181,35.1,0.275,0.212,0.309,0.487,0.366,0.346,0.254,88,320,90.1,15,2266,92.3,92.42,125,668,799,0.10000000000000853,6.32,109,151,117,154,300,323,299
1460,"KC","KC","Jun",2022,4067,35.9,0.252,0.134,0.296,0.386,0.337,0.348,0.251,75,298,89.2,15.3,2244,94.2,94.62,120,674,786,0.3999999999999915,6.43,108,157,119,149,305,322,304
1457,"PIT","PIT","Sep/Oct",2022,4816,30.3,0.279,0.214,0.319,0.493,0.387,0.374,0.262,81,290,91.2,17.7,2338,95,95.23,119,655,802,0.20000000000000284,6.46,109,151,114,149,298,321,293
1453,"BAL","BAL","Sep/Oct",2022,4683,31,0.279,0.168,0.304,0.447,0.348,0.363,0.277,93,333,90,15.5,2277,94.4,94.28,160,765,688,-0.10000000000000853,6.36,109,153,118,149,299,318,295
1451,"BAL","BAL","Jun",2022,3630,40,0.252,0.153,0.274,0.406,0.321,0.373,0.288,79,313,91.4,17.9,2274,94,94.13,162,733,718,0.09999999999999432,6.34,108,158,114,149,303,323,296
1451,"HOU","HOU","Mar/Apr",2022,2983,48.6,0.211,0.167,0.229,0.378,0.298,0.355,0.249,71,336,90.7,21.1,2306,94.1,93.77,177,772,679,-0.29999999999999716,6.24,114,153,116,148,296,320,293
1446,"ATL","ATL","Jul",2022,3813,37.9,0.217,0.113,0.265,0.33,0.282,0.305,0.236,69,318,87.7,19.6,2254,95,95.44,158,720,726,0.4000000000000057,6.53,114,152,120,150,305,318,302
1445,"BOS","BOS","Aug",2022,4206,34.4,0.313,0.273,0.354,0.587,0.421,0.393,0.276,94,300,91.5,15.5,2281,94.2,94.4,145,698,747,0.20000000000000284,6.46,111,156,115,150,293,328,294
1442,"BOS","BOS","May",2022,4039,35.7,0.243,0.204,0.267,0.447,0.336,0.372,0.266,76,313,92.8,17.5,2213,94,94.23,157,688,754,0.20000000000000284,6.53,111,157,119,150,290,327,298
1429,"NYM","NYM","May",2022,4193,34.1,0.277,0.224,0.326,0.502,0.37,0.338,0.247,89,321,90.3,21.2,2255,93.8,93.73,166,685,744,-0.09999999999999432,6.42,112,156,118,147,298,329,303
1428,"MIN","MIN","Jul",2022,3273,43.6,0.252,0.228,0.257,0.48,0.34,0.332,0.25,74,294,90.9,18.1,2284,93,92.81,156,720,708,-0.20000000000000284,6.22,112,158,117,150,299,331,294
1423,"CIN","CIN","Mar/Apr",2022,3270,43.5,0.264,0.177,0.306,0.441,0.369,0.351,0.239,79,299,91.6,23.3,2332,94.4,94.48,143,656,767,0.09999999999999432,6.4,113,152,120,147,294,320,294
1422,"AZ","AZ","Aug",2022,3959,35.9,0.246,0.179,0.291,0.425,0.338,0.343,0.245,77,313,91.3,16.6,2305,92.9,93.11,118,657,763,0.19999999999998863,6.48,110,153,119,149,299,321,297
1420,"NYM","NYM","Sep/Oct",2022,4413,32.2,0.286,0.213,0.378,0.499,0.36,0.312,0.235,98,343,91.2,19.7,2321,94.7,94.92,181,697,723,0.20000000000000284,6.5,111,154,116,151,294,328,299
1418,"NYM","NYM","Aug",2022,4243,33.4,0.27,0.184,0.309,0.454,0.347,0.34,0.25,82,304,89.2,22.1,2321,94.9,95.14,165,712,706,0.19999999999998863,6.47,111,156,117,151,300,329,298
1402,"CIN","CIN","Jun",2022,4201,33.4,0.256,0.256,0.319,0.511,0.368,0.31,0.208,78,305,90.6,24.8,2356,94.7,94.64,184,663,739,-0.10000000000000853,6.27,115,150,118,147,290,320,291
1401,"SD","SD","Aug",2022,4314,32.5,0.217,0.098,0.276,0.315,0.266,0.271,0.202,64,295,90,21.4,2401,94.7,95.15,148,715,686,0.5,6.62,114,159,118,151,301,322,299
1401,"BOS","BOS","Jul",2022,4251,33,0.317,0.217,0.404,0.534,0.408,0.354,0.265,89,281,91.3,18.7,2242,94.6,94.7,156,650,751,0.10000000000000853,6.45,111,155,118,150,289,325,294
1396,"CWS","CWS","Jul",2022,3984,35,0.248,0.163,0.299,0.411,0.328,0.301,0.225,70,282,88.3,17,2364,94.4,94.29,143,634,762,-0.10000000000000853,6.34,109,154,110,149,297,323,302
1392,"WSH","WSH","Aug",2022,4089,34,0.254,0.23,0.275,0.484,0.355,0.312,0.223,72,283,90.7,21.2,2216,92.9,93.02,126,654,738,0.09999999999999432,6.38,110,153,123,146,297,314,300
1390,"LAA","LAA","Jun",2022,4178,33.3,0.267,0.18,0.304,0.447,0.351,0.347,0.263,86,322,90,20,2208,94.2,94.01,143,730,659,-0.20000000000000284,6.21,113,151,115,153,294,322,294
1386,"SEA","SEA","Aug",2022,3874,35.8,0.227,0.155,0.287,0.382,0.297,0.288,0.222,73,322,89.2,20.1,2231,94.2,94.57,180,740,646,0.5,6.5,111,151,117,147,292,322,295
1379,"SD","SD","Sep/Oct",2022,4381,31.5,0.227,0.21,0.26,0.437,0.333,0.338,0.225,65,286,90.6,22.1,2407,95,95.48,156,656,722,0.5,6.66,111,158,118,150,299,324,300
1372,"ATL","ATL","Jun",2022,3925,35,0.307,0.175,0.373,0.482,0.373,0.338,0.258,100,326,90.2,14,2214,94.9,95.55,166,703,669,0.6999999999999886,6.57,111,152,123,148,304,331,304
1370,"STL","STL","Jun",2022,4211,32.5,0.229,0.132,0.262,0.361,0.314,0.325,0.232,71,310,88.9,8.5,2236,94.2,94.73,119,668,702,0.5,6.58,113,153,116,150,299,326,298
1365,"TEX","TEX","Sep/Oct",2022,4853,28.1,0.268,0.192,0.303,0.46,0.37,0.353,0.257,74,276,89.3,14.8,2279,94,93.93,140,646,719,-0.09999999999999432,6.37,112,153,118,147,298,317,295
1363,"ATL","ATL","Sep/Oct",2022,4472,30.5,0.234,0.178,0.276,0.413,0.333,0.311,0.219,63,269,89.8,23.2,2305,94.5,94.8,145,660,703,0.29999999999999716,6.4,114,154,126,150,305,321,297
1356,"KC","KC","May",2022,4446,30.5,0.333,0.237,0.35,0.57,0.435,0.416,0.303,83,249,91.4,16.4,2280,93.9,94.17,126,627,729,0.29999999999999716,6.41,108,155,117,147,303,326,303
1355,"DET","DET","Jun",2022,3722,36.4,0.267,0.211,0.303,0.478,0.351,0.351,0.254,85,318,91.8,20.3,2267,94.3,94.02,150,669,686,-0.29999999999999716,6.25,112,158,121,148,303,331,295
1341,"NYY","NYY","Sep/Oct",2022,4449,30.1,0.221,0.18,0.278,0.401,0.315,0.326,0.232,60,272,91.4,17.3,2359,95.1,94.84,162,622,719,-0.29999999999999716,6.28,111,156,119,150,295,327,289
1340,"PIT","PIT","May",2022,4082,32.8,0.262,0.153,0.313,0.415,0.329,0.336,0.258,79,301,90.5,18.5,2284,94.2,94.32,140,657,682,0.09999999999999432,6.38,107,152,117,150,306,322,299
1335,"SEA","SEA","Jul",2022,3592,37.2,0.229,0.15,0.286,0.379,0.311,0.314,0.226,64,280,88.9,17.6,2212,93.6,93.97,179,699,636,0.4000000000000057,6.56,112,154,120,148,292,323,296
1330,"WSH","WSH","Sep/Oct",2022,4605,28.9,0.27,0.27,0.261,0.54,0.384,0.369,0.26,74,274,91.5,22.5,2215,93.5,93.53,135,650,680,0,6.37,112,154,123,149,300,316,301
1329,"BOS","BOS","Jun",2022,3706,35.9,0.242,0.148,0.308,0.39,0.316,0.343,0.264,75,310,91.7,17.3,2239,93.8,93.96,137,643,686,0.20000000000000284,6.52,112,156,117,150,293,326,295
1321,"TOR","TOR","Jul",2022,3626,36.4,0.258,0.199,0.311,0.456,0.342,0.334,0.233,74,287,92.5,19.9,2274,93.7,93.75,166,661,660,0.09999999999999432,6.39,110,155,119,150,288,317,296
1319,"LAA","LAA","Sep/Oct",2022,4438,29.7,0.247,0.236,0.281,0.484,0.375,0.363,0.245,68,275,91.8,19.6,2261,93.9,93.7,145,640,679,-0.20000000000000284,6.21,110,153,116,150,296,321,290
1310,"CHC","CHC","Jul",2022,3857,34,0.246,0.207,0.287,0.453,0.341,0.343,0.251,68,276,89.5,16.7,2249,92.9,92.99,120,617,693,0.09999999999999432,6.34,110,151,116,157,297,319,293
1308,"SEA","SEA","Mar/Apr",2022,3009,43.5,0.245,0.194,0.266,0.439,0.35,0.371,0.272,68,278,91.5,17.1,2213,93.4,93.06,155,646,662,-0.30000000000001137,6.58,109,152,119,146,296,322,292
1289,"WSH","WSH","Mar/Apr",2022,3588,35.9,0.283,0.171,0.32,0.455,0.365,0.385,0.278,81,286,91.3,17.5,2180,93.1,93.01,91,589,700,-0.09999999999999432,6.36,112,152,124,144,298,321,295
1284,"OAK","OAK","May",2022,4544,28.3,0.229,0.163,0.279,0.392,0.324,0.346,0.239,66,288,90.2,20.6,2129,93.3,92.75,118,600,684,-0.5,6.07,111,150,119,148,295,314,291
1279,"NYY","NYY","Aug",2022,4001,32,0.225,0.158,0.262,0.382,0.298,0.323,0.245,64,285,90.1,20.5,2377,95.2,95.21,120,611,668,0,6.34,112,156,120,150,287,326,292
1275,"LAA","LAA","Aug",2022,4328,29.5,0.247,0.19,0.28,0.437,0.337,0.315,0.23,69,279,88.4,22.1,2208,93.7,93.5,135,610,665,-0.20000000000000284,6.24,111,154,115,151,294,322,290
1272,"CLE","CLE","May",2022,3428,37.1,0.227,0.159,0.249,0.386,0.32,0.357,0.248,57,251,89.9,20.2,2247,93.1,93.17,117,595,676,0.10000000000000853,6.45,109,153,119,148,293,316,289
1272,"MIL","MIL","Sep/Oct",2022,4818,26.4,0.195,0.191,0.25,0.386,0.294,0.272,0.178,52,267,88.5,17.6,2314,93.4,93.65,153,569,703,0.19999999999998863,6.5,111,151,119,147,296,321,298
1264,"MIL","MIL","Aug",2022,4076,31,0.218,0.182,0.254,0.4,0.314,0.313,0.22,60,275,90.7,17.8,2323,93.2,93.77,154,600,664,0.5999999999999943,6.62,110,152,121,146,297,318,297
1264,"NYM","NYM","Mar/Apr",2022,3142,40.2,0.26,0.156,0.301,0.416,0.33,0.341,0.252,70,269,89.5,17,2268,94.4,94.49,151,633,631,0.09999999999999432,6.65,113,155,115,148,298,329,307
1261,"WSH","WSH","May",2022,4172,30.2,0.249,0.165,0.274,0.414,0.341,0.355,0.251,68,273,90,18.3,2233,93.7,93.43,116,616,645,-0.29999999999999716,6.41,115,157,122,145,301,319,298
1261,"STL","STL","Aug",2022,4107,30.7,0.249,0.096,0.305,0.345,0.288,0.291,0.244,78,313,87.7,13.3,2269,93.6,93.85,110,658,603,0.30000000000001137,6.39,113,153,117,147,298,320,299
1260,"PHI","PHI","May",2022,4354,28.9,0.238,0.162,0.302,0.4,0.323,0.329,0.219,63,265,91.7,22.9,2230,94.9,95.18,164,612,648,0.29999999999999716,6.55,110,150,122,142,295,324,291
1254,"MIN","MIN","Mar/Apr",2022,2944,42.6,0.241,0.195,0.27,0.436,0.324,0.317,0.228,64,266,90.4,21,2233,92.3,92.2,159,634,620,-0.09999999999999432,6.35,108,158,116,149,300,335,297
1253,"CLE","CLE","Jul",2022,3845,32.6,0.275,0.127,0.323,0.402,0.343,0.349,0.257,76,276,90.9,17.2,2277,93.2,93.25,138,604,649,0,6.41,109,155,119,150,294,319,296
1241,"DET","DET","Jul",2022,4077,30.4,0.317,0.213,0.357,0.53,0.404,0.382,0.284,85,268,90.9,20.7,2214,92.9,92.75,90,564,677,-0.20000000000000284,6.22,112,155,113,146,299,330,294
1240,"COL","COL","May",2022,3952,31.4,0.324,0.222,0.339,0.546,0.411,0.372,0.288,92,284,89.8,15.1,2217,93.5,93.69,98,628,612,0.20000000000000284,6.23,110,151,115,147,304,331,302
1237,"LAA","LAA","May",2022,3908,31.7,0.261,0.157,0.296,0.418,0.341,0.35,0.262,68,261,88.5,14.1,2216,93.9,93.58,114,588,649,-0.30000000000001137,6.17,113,152,112,151,296,322,292
1234,"COL","COL","Jun",2022,4045,30.5,0.337,0.208,0.362,0.545,0.411,0.385,0.308,89,264,91,12.9,2241,94.4,94.6,93,591,643,0.19999999999998863,6.2,110,152,119,147,304,330,299
1231,"CIN","CIN","Aug",2022,4171,29.5,0.229,0.183,0.262,0.412,0.328,0.334,0.228,55,240,90.5,20.9,2334,93.5,87.49,114,542,689,-6,6.29,111,152,119,147,293,318,289
1229,"DET","DET","Aug",2022,3889,31.6,0.246,0.128,0.297,0.374,0.322,0.357,0.272,69,281,89.8,21.3,2217,92.9,93.16,107,578,651,0.29999999999999716,6.4,106,157,114,145,298,329,291
1223,"AZ","AZ","Jul",2022,3485,35.1,0.251,0.178,0.3,0.429,0.337,0.353,0.25,65,259,90.4,25,2307,92.5,92.34,119,571,651,-0.20000000000000284,6.28,110,153,122,149,301,320,297
1223,"CWS","CWS","Mar/Apr",2022,3146,38.9,0.211,0.153,0.258,0.364,0.295,0.35,0.239,55,261,91.6,18.6,2295,94.6,94.68,163,601,622,0.10000000000000853,6.44,108,149,109,146,297,324,298
1221,"WSH","WSH","Jul",2022,3830,31.9,0.249,0.226,0.273,0.475,0.342,0.334,0.228,65,261,91.6,21.7,2224,94,94.03,138,586,635,0,6.48,114,155,123,147,299,318,296
1216,"CHC","CHC","Sep/Oct",2022,4384,27.7,0.215,0.185,0.249,0.399,0.321,0.347,0.237,50,233,89.2,24.7,2240,93.5,93.66,120,566,650,0.20000000000000284,6.41,111,153,116,152,299,322,292
1214,"CHC","CHC","May",2022,4063,29.9,0.241,0.17,0.274,0.411,0.343,0.37,0.269,58,241,89.4,16.9,2253,92.3,91.99,103,521,693,-0.29999999999999716,6.2,107,152,115,151,298,321,292
1213,"NYY","NYY","May",2022,3846,31.5,0.206,0.148,0.253,0.354,0.27,0.29,0.221,57,277,89.8,19.3,2339,95.1,95.01,178,636,577,-0.09999999999999432,6.41,112,157,118,150,299,327,290
1206,"TOR","TOR","Mar/Apr",2022,3038,39.7,0.248,0.165,0.292,0.414,0.321,0.376,0.281,66,266,94,18.1,2287,93.9,94.01,141,600,606,0.09999999999999432,6.5,107,164,123,150,294,321,297
1205,"AZ","AZ","Jun",2022,3841,31.4,0.276,0.145,0.335,0.421,0.361,0.36,0.249,61,221,88.8,19.2,2335,92.8,92.46,104,513,692,-0.29999999999999716,6.29,110,151,121,148,298,319,295
1184,"BOS","BOS","Mar/Apr",2022,3252,36.4,0.239,0.158,0.268,0.398,0.322,0.373,0.258,62,259,93.1,20.8,2225,94.1,94.1,119,576,608,0,6.49,110,155,118,150,293,331,297
1182,"TB","TB","Sep/Oct",2022,4502,26.3,0.223,0.191,0.276,0.414,0.313,0.312,0.227,57,256,93,18.9,2313,94.7,94.95,144,568,614,0.20000000000000284,6.65,103,154,113,148,298,325,296
1181,"OAK","OAK","Jul",2022,3522,33.5,0.206,0.184,0.226,0.39,0.29,0.34,0.246,55,267,90,23.6,2123,92.8,92.33,122,577,604,-0.5,6.11,115,156,119,150,299,327,296
1180,"MIA","MIA","Jul",2022,4106,28.7,0.254,0.196,0.311,0.45,0.351,0.337,0.245,61,240,88.2,17.6,2295,94.4,94.42,105,543,637,0,6.45,109,154,119,150,298,317,293
1171,"CLE","CLE","Aug",2022,3735,31.4,0.252,0.169,0.291,0.421,0.325,0.324,0.245,64,254,91.4,21,2283,93.2,93.51,120,597,574,0.29999999999999716,6.45,111,155,117,150,293,315,292
1170,"COL","COL","Aug",2022,4192,27.9,0.321,0.234,0.338,0.556,0.407,0.382,0.305,81,252,89.5,13.2,2287,94.8,94.75,103,549,621,0,6.19,112,152,120,149,307,329,303
1167,"MIA","MIA","Aug",2022,4180,27.9,0.285,0.221,0.335,0.506,0.373,0.358,0.266,67,235,91.8,23.8,2280,94.9,94.82,125,536,631,-0.10000000000000853,6.39,110,154,118,150,299,316,290
1158,"ATL","ATL","Mar/Apr",2022,3313,35,0.227,0.127,0.272,0.354,0.308,0.326,0.227,59,260,88.8,18.3,2238,94.8,94.88,124,562,596,0.10000000000000853,6.4,112,151,123,147,303,333,298
1151,"MIL","MIL","May",2022,4286,26.9,0.239,0.178,0.318,0.417,0.32,0.299,0.226,59,247,87.7,18.5,2272,92.9,93.09,134,552,599,0.19999999999998863,6.63,109,151,120,145,297,319,296
1150,"MIA","MIA","May",2022,3764,30.6,0.273,0.233,0.311,0.506,0.367,0.388,0.289,67,245,91.9,17.8,2245,94.2,93.5,118,541,608,-0.7000000000000028,6.42,107,152,119,150,296,316,296
1144,"SF","SF","Sep/Oct",2022,4770,24,0.232,0.169,0.305,0.401,0.315,0.294,0.214,55,237,88.8,16.9,2238,93.4,93.47,140,560,584,0.09999999999999432,6.38,110,152,117,148,302,324,298
1137,"MIA","MIA","Jun",2022,4196,27.1,0.266,0.228,0.308,0.494,0.367,0.337,0.239,63,237,89.8,19.6,2277,94.1,94.19,112,551,586,0.10000000000000853,6.45,107,153,116,150,297,319,293
1136,"NYM","NYM","Jun",2022,3735,30.4,0.274,0.152,0.339,0.426,0.348,0.352,0.257,65,237,90.7,16,2231,94,94.2,131,534,602,0.20000000000000284,6.54,109,156,121,147,301,326,301
1134,"PIT","PIT","Jun",2022,4225,26.8,0.304,0.271,0.325,0.575,0.409,0.393,0.3,65,214,89.3,20.5,2288,93.9,94.13,129,528,605,0.19999999999998863,6.38,108,153,114,149,304,326,301
1133,"BAL","BAL","Mar/Apr",2022,3014,37.6,0.265,0.16,0.283,0.424,0.345,0.393,0.292,63,238,91.4,16.1,2303,93.5,92.74,104,554,579,-0.7999999999999972,6.29,107,156,112,149,303,318,291
1132,"TEX","TEX","Aug",2022,4263,26.6,0.258,0.206,0.299,0.464,0.361,0.335,0.249,60,233,89.6,15.3,2330,94.3,94.12,128,536,596,-0.20000000000000284,6.23,112,155,118,148,300,326,295
1128,"COL","COL","Jul",2022,4058,27.8,0.31,0.167,0.343,0.477,0.367,0.342,0.289,74,239,89.4,13.8,2270,94.4,94.54,99,521,607,0.09999999999999432,6.17,111,153,119,148,305,330,305
1125,"AZ","AZ","May",2022,4268,26.4,0.284,0.256,0.31,0.54,0.401,0.377,0.277,60,211,92.1,22.2,2339,93.3,92.89,102,500,624,-0.3999999999999915,6.37,111,152,121,148,306,323,295
1122,"NYM","NYM","Jul",2022,3579,31.3,0.218,0.157,0.276,0.376,0.303,0.339,0.242,50,229,91.1,18.5,2262,94,94.11,124,530,592,0.09999999999999432,6.43,115,155,120,149,302,327,298
1111,"PHI","PHI","Jun",2022,3833,29,0.218,0.117,0.273,0.335,0.285,0.304,0.224,56,257,89.1,18.2,2244,94.5,94.87,135,537,574,0.4000000000000057,6.59,111,151,119,146,295,325,295
1105,"SD","SD","Jun",2022,4130,26.8,0.236,0.15,0.291,0.386,0.318,0.311,0.233,58,246,89.1,14.5,2341,94.2,94.62,126,527,578,0.3999999999999915,6.59,111,162,119,150,293,316,299
1097,"NYY","NYY","Jul",2022,3860,28.4,0.221,0.186,0.267,0.407,0.29,0.299,0.225,50,226,90.9,22.6,2361,95.6,95.75,130,529,568,0.20000000000000284,6.43,111,158,121,152,291,324,292
1093,"OAK","OAK","Jun",2022,3818,28.6,0.272,0.218,0.303,0.49,0.371,0.361,0.268,65,239,91,17.9,2151,93.7,93.32,107,521,572,-0.4000000000000057,6.14,111,152,116,150,297,317,291
1093,"KC","KC","Mar/Apr",2022,2873,38,0.328,0.25,0.368,0.578,0.429,0.419,0.307,67,204,90.5,18.4,2265,93.8,94.22,105,490,603,0.4000000000000057,6.46,105,152,115,145,299,321,300
1092,"DET","DET","Mar/Apr",2022,2839,38.5,0.242,0.15,0.276,0.392,0.315,0.368,0.275,58,240,91.8,19,2194,93.3,93.3,89,530,562,0,6.39,109,156,117,149,304,326,293
1089,"TEX","TEX","Jul",2022,3861,28.2,0.275,0.182,0.322,0.457,0.356,0.328,0.251,68,247,89.8,15.9,2231,94.9,95.02,81,497,592,0.09999999999999432,6.44,113,153,116,149,301,318,296
1052,"TB","TB","Aug",2022,3707,28.4,0.183,0.1,0.248,0.282,0.242,0.261,0.199,44,241,88.9,14.2,2317,94.7,95.24,139,543,508,0.5,6.72,105,157,113,151,299,324,296
1042,"PHI","PHI","Sep/Oct",2022,4422,23.6,0.329,0.177,0.404,0.506,0.391,0.389,0.304,76,231,91.6,21.1,2237,93.8,94.32,127,528,514,0.5,6.72,110,152,116,146,297,323,288
1039,"NYY","NYY","Jun",2022,4026,25.8,0.233,0.177,0.288,0.409,0.312,0.292,0.213,54,232,91.7,19.6,2328,95.2,94.94,132,519,520,-0.29999999999999716,6.31,113,157,122,152,294,325,285
1037,"CLE","CLE","Mar/Apr",2022,2900,35.8,0.266,0.153,0.311,0.419,0.337,0.36,0.275,61,229,92.4,16.5,2216,92.5,92.34,109,502,535,-0.20000000000000284,6.49,110,154,117,149,297,318,293
1024,"TEX","TEX","May",2022,3772,27.1,0.253,0.152,0.294,0.406,0.342,0.365,0.257,55,217,91.2,15.7,2235,94.7,94.58,95,489,535,-0.10000000000000853,6.47,111,153,118,148,296,325,294
1008,"SD","SD","May",2022,3996,25.2,0.256,0.118,0.322,0.374,0.314,0.33,0.244,54,211,91.1,18.7,2327,94.8,95.18,85,457,551,0.4000000000000057,6.64,112,159,118,150,295,321,298
1006,"PIT","PIT","Mar/Apr",2022,3165,31.8,0.269,0.193,0.316,0.462,0.352,0.337,0.251,60,223,87.7,18.7,2288,93.7,93.7,104,469,537,0,6.34,104,151,120,148,307,324,303
1006,"SD","SD","Jul",2022,3738,26.9,0.272,0.211,0.323,0.483,0.369,0.379,0.282,63,232,90.7,18.3,2376,94.5,94.92,100,484,522,0.4000000000000057,6.63,113,160,118,150,295,313,301
1004,"SF","SF","Jun",2022,3686,27.2,0.264,0.171,0.295,0.435,0.323,0.331,0.268,65,246,90.4,13.6,2200,93.8,93.61,115,551,453,-0.20000000000000284,6.3,108,153,116,148,296,321,289
999,"MIA","MIA","Mar/Apr",2022,2897,34.5,0.245,0.153,0.288,0.398,0.332,0.336,0.246,53,216,89.2,17.5,2224,94.2,94.23,100,481,518,0,6.42,106,153,121,150,298,317,294
998,"PHI","PHI","Jul",2022,3497,28.5,0.19,0.136,0.236,0.326,0.267,0.284,0.207,42,221,88.5,21.1,2302,94.5,95.17,129,498,500,0.7000000000000028,6.72,113,152,116,148,298,330,293
996,"TEX","TEX","Jun",2022,3749,26.6,0.219,0.105,0.292,0.324,0.295,0.308,0.223,46,210,90.6,14.8,2224,95.2,95.26,116,455,541,0.09999999999999432,6.39,113,155,120,149,299,320,294
991,"STL","STL","Jul",2022,3455,28.7,0.277,0.152,0.35,0.429,0.336,0.33,0.265,64,231,90.6,11.2,2264,94.3,94.18,110,516,475,-0.09999999999999432,6.41,114,156,117,150,303,321,306
991,"LAD","LAD","Mar/Apr",2022,2685,36.9,0.239,0.159,0.269,0.398,0.327,0.322,0.225,48,201,88.9,19.8,2315,92.9,92.8,77,425,566,-0.10000000000000853,6.26,109,156,122,150,298,315,294
990,"PHI","PHI","Aug",2022,3963,25,0.268,0.211,0.288,0.479,0.37,0.341,0.246,57,213,87.4,18.4,2264,94.3,94.96,104,474,516,0.7000000000000028,6.75,111,149,115,146,295,327,290
975,"STL","STL","May",2022,4375,22.3,0.222,0.14,0.26,0.362,0.296,0.335,0.255,46,207,90.1,12.3,2274,94,94,105,461,514,0,6.4,113,156,116,149,299,324,299
974,"TB","TB","Jul",2022,3871,25.2,0.279,0.198,0.323,0.477,0.351,0.315,0.249,62,222,89.3,18.2,2313,94.6,95.15,105,486,488,0.6000000000000085,6.71,107,154,111,149,298,324,298
972,"TB","TB","Jun",2022,3760,25.9,0.245,0.145,0.283,0.391,0.309,0.306,0.231,54,220,89.6,17.6,2282,94.3,94.67,121,474,498,0.4000000000000057,6.66,109,159,112,151,303,326,299
971,"TB","TB","May",2022,3937,24.7,0.171,0.186,0.187,0.357,0.261,0.265,0.178,36,210,87.6,21.3,2273,94,94.38,148,520,451,0.4000000000000057,6.67,107,158,116,149,306,325,296
967,"LAA","LAA","Mar/Apr",2022,3072,31.5,0.257,0.183,0.276,0.439,0.349,0.361,0.277,59,230,90.9,18.4,2207,93.9,93.7,88,470,497,-0.20000000000000284,6.22,114,153,117,154,296,322,293
952,"AZ","AZ","Mar/Apr",2022,3153,30.2,0.203,0.115,0.233,0.318,0.282,0.303,0.217,39,192,88.2,21.7,2324,92.6,92.26,83,433,519,-0.29999999999999716,6.32,109,151,117,148,303,325,301
941,"SF","SF","May",2022,4037,23.3,0.29,0.186,0.344,0.476,0.36,0.33,0.258,61,210,87.6,13.7,2240,94,93.89,93,488,453,-0.09999999999999432,6.32,109,151,115,147,298,323,290
920,"SF","SF","Jul",2022,4120,22.3,0.254,0.158,0.329,0.411,0.34,0.317,0.227,53,209,91.5,16.4,2263,94.1,93.86,112,462,458,-0.19999999999998863,6.31,110,152,113,148,295,323,294
920,"LAA","LAA","Jul",2022,3591,25.6,0.27,0.218,0.322,0.489,0.395,0.396,0.268,47,174,91.3,19.4,2228,94.2,94.04,101,411,508,-0.20000000000000284,6.23,111,152,115,151,297,323,294
918,"NYY","NYY","Mar/Apr",2022,3037,30.2,0.274,0.144,0.355,0.418,0.338,0.313,0.244,55,201,89.9,19.9,2353,94.9,94.66,108,446,472,-0.20000000000000284,6.4,110,156,118,151,299,329,289
917,"MIL","MIL","Jul",2022,3826,24,0.212,0.187,0.305,0.399,0.314,0.296,0.192,42,198,90.5,23.8,2291,93.5,93.64,119,423,494,0.09999999999999432,6.39,110,152,121,146,294,317,297
901,"PHI","PHI","Mar/Apr",2022,3164,28.5,0.213,0.101,0.255,0.314,0.283,0.285,0.199,40,188,88.6,20.6,2215,94.1,94.27,82,428,473,0.20000000000000284,6.58,109,150,122,144,297,326,293
896,"TEX","TEX","Mar/Apr",2022,3160,28.4,0.228,0.272,0.246,0.5,0.376,0.401,0.253,42,184,92.2,13.6,2238,94.3,94.26,80,383,513,0,6.41,113,154,119,149,301,321,296
893,"COL","COL","Mar/Apr",2022,2963,30.1,0.373,0.189,0.372,0.562,0.435,0.412,0.325,75,201,90.7,13.6,2180,93.3,93.07,52,433,460,-0.20000000000000284,6.14,110,152,122,147,302,327,300
890,"SD","SD","Mar/Apr",2022,3203,27.8,0.234,0.188,0.294,0.422,0.331,0.348,0.247,45,192,91.1,17.1,2296,94.1,94.09,92,413,476,0,6.48,114,163,124,150,296,321,299
862,"PIT","PIT","Aug",2022,4154,20.8,0.209,0.07,0.257,0.279,0.289,0.336,0.244,36,172,90.7,16.8,2318,93.7,93.53,79,406,456,-0.20000000000000284,6.23,109,152,116,149,295,321,298
841,"CHC","CHC","Mar/Apr",2022,3070,27.4,0.246,0.201,0.3,0.447,0.349,0.345,0.248,44,179,91.4,10.4,2282,92.2,92.22,90,406,435,0,6.21,107,150,119,155,298,320,294
827,"SF","SF","Mar/Apr",2022,2935,28.2,0.222,0.124,0.27,0.346,0.286,0.297,0.227,41,185,89,14.7,2222,94.2,93.97,86,423,404,-0.20000000000000284,6.29,108,150,111,149,293,315,291
822,"MIL","MIL","Jun",2022,4025,20.4,0.229,0.247,0.243,0.476,0.341,0.317,0.231,38,166,88.5,15.2,2272,92.6,92.74,80,368,454,0.10000000000000853,6.44,110,152,120,146,296,317,295
798,"SF","SF","Aug",2022,4080,19.6,0.251,0.206,0.279,0.457,0.331,0.312,0.231,44,175,88.4,17.4,2240,93.2,93.25,94,404,394,0.09999999999999432,6.33,111,152,117,148,296,323,294
792,"MIL","MIL","Mar/Apr",2022,3338,23.7,0.176,0.097,0.269,0.273,0.249,0.28,0.201,29,165,89.5,16.7,2288,93.3,93.51,118,376,416,0.20000000000000284,6.64,109,152,119,146,297,316,293
783,"PIT","PIT","Jul",2022,3804,20.6,0.305,0.218,0.346,0.523,0.389,0.353,0.274,53,174,91.1,17,2314,93.7,93.95,89,396,387,0.29999999999999716,6.37,107,152,117,150,303,322,299
771,"COL","COL","Sep/Oct",2022,4510,17.1,0.274,0.197,0.311,0.471,0.371,0.355,0.255,43,157,91.8,20.5,2312,94.1,94.17,90,364,407,0.10000000000000853,6.19,111,152,118,148,304,329,299
693,"TB","TB","Mar/Apr",2022,2947,23.5,0.22,0.213,0.239,0.433,0.35,0.389,0.251,28,127,91,21.3,2255,93.6,93.68,81,325,368,0.10000000000000853,6.6,108,159,115,149,301,325,301
675,"OAK","OAK","Mar/Apr",2022,2995,22.5,0.285,0.188,0.371,0.472,0.361,0.367,0.278,41,144,93.8,15.7,2132,93.5,93.01,68,303,372,-0.5,6.1,111,152,125,146,296,318,297
561,"STL","STL","Mar/Apr",2022,2862,19.6,0.208,0.1,0.247,0.308,0.264,0.294,0.225,25,120,88.8,13,2265,93.9,93.89,49,261,300,0,6.39,114,157,118,147,295,319,298