,pitch_type,release_speed,release_pos_x,release_pos_y,release_pos_z,zone,stand,p_throws,type,balls,strikes,pfx_x,pfx_z,plate_x,plate_z,on_3b,on_2b,on_1b,outs_when_up,inning,hit_distance_sc,launch_speed,launch_angle,effective_speed,release_spin_rate,release_extension,spin_axis,winning_by,count
51,SL,80.0,3.06,54.95,5.14,14.0,1,0,1.0,3,2,-1.03,-0.22,1.06,2.59,0,0,0,1,5,0.0,0.0,0.0,79.0,2629.0,5.6,290.0,-1,3-2
52,CH,88.8,3.17,54.28,4.94,3.0,1,0,1.0,3,2,1.5,0.03,0.72,2.8,0,0,0,1,5,168.0,73.5,24.0,88.5,2086.0,6.2,86.0,-1,3-2
53,FF,95.5,3.24,54.37,5.06,4.0,1,0,1.0,3,2,1.31,0.95,-0.34,2.46,0,0,0,1,5,188.0,73.2,30.0,95.3,2504.0,6.1,123.0,-1,3-2
65,FF,96.6,3.27,54.35,5.06,4.0,1,0,0.0,3,2,1.42,1.09,-0.39,2.63,0,0,0,1,4,0.0,80.0,69.0,96.0,2460.0,6.1,125.0,-1,3-2
66,FF,98.3,3.03,54.19,5.43,12.0,1,0,1.0,3,2,1.22,1.21,0.94,2.86,0,0,0,1,4,13.0,43.4,-10.0,98.2,2395.0,6.3,132.0,-1,3-2
82,FF,92.4,3.12,54.05,5.09,5.0,1,0,0.0,3,2,0.99,0.71,0.23,2.49,0,0,0,0,6,198.0,107.2,10.0,92.3,2341.0,6.5,121.0,-3,3-2
92,FF,88.8,3.18,54.35,5.09,9.0,1,0,1.0,3,2,1.42,0.66,0.45,1.73,0,0,0,1,5,0.0,0.0,0.0,87.8,2043.0,6.1,109.0,-2,3-2
112,SL,81.0,3.02,54.55,5.28,7.0,1,0,0.0,3,2,-1.57,-0.51,-0.37,1.55,0,0,0,1,4,337.0,98.3,20.0,80.1,2668.0,6.0,293.0,0,3-2
131,FF,98.7,3.16,54.12,5.32,3.0,0,0,1.0,3,2,0.85,1.26,0.8,3.48,0,1,0,2,2,0.0,0.0,0.0,98.1,2384.0,6.4,143.0,-1,3-2
132,SL,81.1,3.06,54.7,5.24,4.0,0,0,1.0,3,2,-1.67,-0.27,-0.48,2.35,0,1,0,2,2,156.0,69.0,67.0,80.1,2409.0,5.8,284.0,-1,3-2
133,SI,96.8,3.23,54.31,5.09,6.0,0,0,1.0,3,2,1.41,0.32,0.38,2.68,0,1,0,2,2,7.0,87.1,-20.0,96.1,2283.0,6.2,98.0,-1,3-2
142,SI,89.2,3.0,54.29,4.94,12.0,1,0,0.0,3,2,1.28,0.33,1.31,3.05,0,0,1,0,2,374.0,95.7,28.0,88.7,2112.0,6.2,99.0,-1,3-2
171,FF,98.0,3.18,54.1,5.25,7.0,1,0,1.0,3,2,0.97,0.86,-0.56,1.62,0,0,0,0,1,0.0,0.0,0.0,97.4,2454.0,6.4,127.0,0,3-2
198,SL,81.9,2.99,54.87,5.2,13.0,1,0,0.0,3,2,-1.48,-0.26,-1.86,1.28,0,0,0,0,4,0.0,0.0,0.0,80.3,2710.0,5.6,286.0,-1,3-2
213,SL,79.1,3.15,55.05,5.33,6.0,1,0,1.0,3,2,-1.35,-0.58,0.66,1.99,0,0,0,1,3,0.0,0.0,0.0,77.6,2420.0,5.5,299.0,-1,3-2
214,FF,95.9,3.18,54.46,5.43,11.0,1,0,1.0,3,2,1.1,1.11,-0.08,3.63,0,0,0,1,3,197.0,72.0,55.0,95.0,2371.0,6.0,132.0,-1,3-2
232,FF,94.9,3.18,54.54,5.13,12.0,1,0,0.0,3,2,1.11,1.01,1.77,3.12,0,1,0,1,2,0.0,0.0,0.0,94.3,2377.0,6.0,129.0,0,3-2
233,SL,76.8,3.25,55.27,5.28,4.0,1,0,1.0,3,2,-1.21,-0.5,-0.75,2.39,0,1,0,1,2,0.0,0.0,0.0,75.0,2239.0,5.2,299.0,0,3-2
234,FF,97.2,3.04,54.3,5.21,12.0,1,0,1.0,3,2,1.37,0.98,0.02,3.33,0,1,0,1,2,158.0,77.7,19.0,96.7,2420.0,6.2,122.0,0,3-2
249,SL,83.5,3.08,55.04,5.42,12.0,1,0,0.0,3,2,-1.61,-0.09,1.57,2.92,0,0,0,2,1,0.0,0.0,0.0,82.1,2611.0,5.5,279.0,-1,3-2
304,SL,80.7,3.16,55.02,5.42,5.0,1,0,1.0,3,2,-1.17,-0.24,0.16,2.33,0,0,0,0,6,0.0,0.0,0.0,79.2,2439.0,5.5,290.0,6,3-2
320,SL,82.6,3.16,55.11,5.31,5.0,1,0,1.0,3,2,-1.49,-0.19,0.27,2.85,0,0,1,2,4,0.0,0.0,0.0,81.0,2426.0,5.4,283.0,4,3-2
321,SI,98.1,3.09,54.59,5.11,2.0,1,0,1.0,3,2,1.49,0.39,0.11,3.01,0,0,1,2,4,0.0,0.0,0.0,97.0,2298.0,5.9,101.0,4,3-2
328,CH,88.6,3.38,54.58,5.11,6.0,1,0,0.0,3,2,1.86,0.26,0.83,2.42,0,0,0,1,4,18.0,103.4,-6.0,87.7,1970.0,5.9,94.0,4,3-2
329,SL,83.3,3.09,55.08,5.34,13.0,1,0,1.0,3,2,-1.39,-0.27,-1.03,1.98,0,0,0,1,4,5.0,59.0,-33.0,81.5,2517.0,5.4,287.0,4,3-2
380,CH,85.9,3.45,54.05,4.86,8.0,1,0,0.0,3,2,1.35,-0.15,0.18,1.53,0,0,0,2,6,311.0,102.6,13.0,86.2,1909.0,6.5,78.0,-2,3-2
392,SI,95.9,3.41,54.47,5.24,12.0,1,0,1.0,3,2,1.54,0.36,1.58,3.04,0,0,0,0,6,0.0,0.0,0.0,94.8,2134.0,6.0,99.0,-1,3-2
413,SL,80.2,3.25,54.84,5.33,4.0,1,0,1.0,3,2,-1.23,-0.15,-0.3,2.62,0,0,1,1,4,0.0,0.0,0.0,78.3,2354.0,5.7,286.0,-1,3-2
414,FF,97.4,3.3,54.1,5.36,5.0,1,0,1.0,3,2,1.15,1.09,0.05,2.57,0,0,1,1,4,0.0,0.0,0.0,96.5,2438.0,6.4,127.0,-1,3-2
427,SL,78.3,3.43,54.71,5.48,13.0,1,0,0.0,3,2,-1.27,-0.78,-0.38,1.35,0,0,0,0,4,0.0,0.0,0.0,76.8,2248.0,5.8,307.0,1,3-2
452,FF,93.6,3.36,54.41,5.39,5.0,1,0,0.0,3,2,1.14,0.75,0.05,2.4,0,0,0,0,2,180.0,69.0,53.0,92.7,2278.0,6.1,119.0,0,3-2
453,CH,87.7,3.44,54.37,5.13,12.0,1,0,1.0,3,2,1.35,0.34,1.59,2.73,0,0,0,0,2,222.0,74.3,49.0,87.0,1911.0,6.1,98.0,0,3-2
480,SL,81.0,3.26,55.12,5.25,14.0,0,0,1.0,3,2,-1.22,-0.18,1.13,2.27,1,0,1,1,6,0.0,0.0,0.0,79.4,2531.0,5.4,286.0,9,3-2
525,CH,85.5,3.35,54.67,5.15,5.0,1,0,0.0,3,2,1.81,0.69,0.02,2.71,0,0,0,0,4,7.0,83.9,-21.0,83.9,2244.0,5.8,106.0,9,3-2
526,FF,92.1,3.2,54.57,5.41,5.0,1,0,1.0,3,2,1.15,1.15,-0.1,2.64,0,0,0,0,4,169.0,68.0,32.0,91.1,2379.0,5.9,132.0,9,3-2
555,FF,93.1,3.22,54.38,5.38,7.0,0,0,0.0,3,2,1.28,1.23,-0.8,1.89,0,0,1,2,1,0.0,0.0,0.0,92.1,2273.0,6.1,130.0,0,3-2
568,FF,95.8,3.3,54.46,5.4,8.0,0,0,0.0,3,2,1.18,1.04,-0.04,1.76,0,0,0,0,1,299.0,90.0,40.0,94.5,2326.0,6.0,128.0,0,3-2
599,FF,94.4,3.23,54.64,5.13,12.0,0,0,0.0,3,2,0.91,0.64,1.33,3.87,0,0,0,1,4,0.0,0.0,0.0,93.8,2256.0,5.9,120.0,-3,3-2
600,SI,92.8,3.21,54.28,5.14,12.0,0,0,1.0,3,2,1.55,0.48,1.69,2.55,0,0,0,1,4,0.0,0.0,0.0,92.4,2175.0,6.2,103.0,-3,3-2
613,FF,93.2,3.12,54.15,5.37,3.0,1,0,0.0,3,2,1.15,1.71,0.32,2.94,0,0,0,1,4,398.0,104.5,32.0,92.5,2382.0,6.4,144.0,-1,3-2
614,FF,96.1,3.16,54.51,5.66,3.0,1,0,1.0,3,2,1.05,1.47,0.63,3.36,0,0,0,1,4,10.0,49.9,-17.0,95.4,2386.0,6.0,142.0,-1,3-2
615,FF,96.6,3.07,54.38,5.56,5.0,1,0,1.0,3,2,1.31,1.73,-0.18,2.23,0,0,0,1,4,182.0,70.0,56.0,95.3,2439.0,6.1,141.0,-1,3-2
639,FF,98.2,3.07,54.35,5.34,5.0,0,0,0.0,3,2,1.18,1.35,-0.01,2.2,0,0,1,2,2,273.0,93.0,15.0,97.1,2427.0,6.1,136.0,0,3-2
649,SL,80.4,3.11,55.18,5.4,13.0,1,0,0.0,3,2,-1.06,0.64,-1.13,2.36,0,0,0,1,2,0.0,0.0,0.0,78.4,2570.0,5.3,247.0,0,3-2
668,SL,82.1,3.14,55.16,5.43,3.0,1,0,0.0,3,2,-0.78,0.42,0.51,2.73,0,0,1,1,1,37.0,92.1,-2.0,80.2,2472.0,5.3,252.0,0,3-2
717,SL,81.2,3.19,55.1,5.59,6.0,1,0,0.0,3,2,-1.06,0.09,0.37,2.56,0,0,0,0,5,215.0,84.1,55.0,79.7,2305.0,5.4,274.0,0,3-2
718,SL,79.0,3.17,55.03,5.55,12.0,1,0,1.0,3,2,-1.24,-0.13,1.5,2.73,0,0,0,0,5,169.0,67.2,59.0,77.1,2410.0,5.5,284.0,0,3-2
733,FF,96.2,3.22,54.42,5.66,1.0,1,0,0.0,3,2,1.1,1.33,-0.54,3.01,0,0,0,0,4,0.0,80.0,69.0,95.0,2357.0,6.1,138.0,0,3-2
734,FF,95.3,3.28,54.31,5.49,1.0,1,0,1.0,3,2,1.2,0.89,-0.69,3.17,0,0,0,0,4,191.0,96.0,70.0,94.5,2392.0,6.2,123.0,0,3-2
740,SL,79.5,3.13,54.94,5.43,7.0,1,0,1.0,3,2,-1.49,-0.49,-0.31,1.77,0,0,0,2,3,0.0,0.0,0.0,77.2,2407.0,5.6,295.0,0,3-2
741,FF,92.3,2.96,54.51,5.66,2.0,1,0,1.0,3,2,1.07,0.93,0.05,2.85,0,0,0,2,3,203.0,73.8,48.0,91.1,2352.0,6.0,127.0,0,3-2
742,FF,93.5,3.34,54.21,5.16,2.0,1,0,1.0,3,2,1.15,0.62,0.14,2.73,0,0,0,2,3,118.0,77.3,78.0,93.6,2290.0,6.3,114.0,0,3-2
743,CH,88.6,3.28,54.35,5.4,2.0,1,0,1.0,3,2,1.57,0.52,0.05,2.78,0,0,0,2,3,6.0,44.7,-24.0,87.4,2107.0,6.2,103.0,0,3-2
749,FF,97.0,3.1,53.88,5.75,13.0,0,0,1.0,3,2,1.05,1.17,-1.05,1.71,0,0,0,1,3,0.0,0.0,0.0,96.8,2455.0,6.6,135.0,0,3-2
801,SL,77.9,3.16,54.87,5.27,13.0,1,0,0.0,3,2,-0.97,-0.1,-1.46,1.68,0,0,1,1,3,0.0,0.0,0.0,76.7,2153.0,5.6,285.0,-3,3-2
802,CH,85.5,3.14,54.28,5.07,7.0,1,0,1.0,3,2,1.32,0.4,-0.36,2.09,0,0,1,1,3,0.0,0.0,0.0,85.1,1971.0,6.2,101.0,-3,3-2
811,CH,86.3,3.3,54.13,5.14,14.0,1,0,0.0,3,2,1.58,0.35,0.97,1.74,0,0,0,0,3,0.0,0.0,0.0,85.9,1911.0,6.4,97.0,-3,3-2
812,FF,93.2,3.29,54.5,5.38,4.0,1,0,1.0,3,2,1.24,0.95,-0.31,2.62,0,0,0,0,3,167.0,70.2,28.0,92.6,2090.0,6.0,124.0,-3,3-2
813,FF,95.3,3.42,54.31,5.35,2.0,1,0,1.0,3,2,1.26,1.41,0.27,3.02,0,0,0,0,3,193.0,72.8,37.0,94.3,2296.0,6.2,135.0,-3,3-2
896,FF,97.4,3.13,54.2,5.45,4.0,1,0,0.0,3,2,1.38,1.18,-0.6,2.47,1,0,0,2,5,2.0,59.8,-45.0,96.7,2590.0,6.3,128.0,-3,3-2
897,SL,82.7,3.04,55.0,5.53,1.0,1,0,1.0,3,2,-0.98,-0.35,-0.67,3.08,1,0,0,2,5,110.0,59.4,20.0,81.6,2537.0,5.5,296.0,-3,3-2
957,FF,98.6,3.07,53.88,5.69,1.0,1,0,0.0,3,2,0.95,1.16,-0.57,3.62,0,0,0,2,1,0.0,0.0,0.0,99.2,2540.0,6.6,138.0,0,3-2
968,FF,96.4,3.18,54.11,5.45,3.0,0,0,0.0,3,2,1.08,1.29,0.77,2.53,0,0,0,0,1,228.0,72.5,41.0,96.4,2433.0,6.4,138.0,0,3-2
983,FF,95.7,3.02,54.31,5.93,11.0,1,0,1.0,3,2,1.23,1.89,-0.08,3.94,0,0,0,1,7,0.0,0.0,0.0,94.9,2327.0,6.2,145.0,0,3-2
984,FF,96.8,3.22,54.38,5.22,3.0,1,0,1.0,3,2,1.24,1.04,0.8,2.86,0,0,0,1,7,329.0,95.6,28.0,95.8,2515.0,6.1,127.0,0,3-2
985,SL,78.7,3.2,55.08,5.38,4.0,1,0,1.0,3,2,-1.22,0.07,-0.52,1.85,0,0,0,1,7,247.0,72.6,30.0,76.6,2344.0,5.4,275.0,0,3-2
1027,FF,97.3,2.99,54.26,5.65,8.0,1,0,0.0,3,2,0.99,1.31,0.24,1.46,0,0,1,2,4,278.0,93.0,51.0,96.6,2295.0,6.2,140.0,0,3-2
1039,FF,96.9,3.2,54.37,5.67,7.0,1,0,1.0,3,2,1.18,1.39,-0.44,1.76,0,0,0,0,4,0.0,0.0,0.0,96.0,2299.0,6.1,137.0,0,3-2
1078,SL,78.7,3.16,55.23,5.45,14.0,1,0,0.0,3,2,-0.99,-0.04,1.46,2.55,0,0,0,2,1,0.0,0.0,0.0,77.0,2146.0,5.3,283.0,0,3-2
1140,SL,79.8,3.4,54.87,5.41,5.0,1,0,0.0,3,2,-1.17,-0.52,0.2,1.99,0,0,1,1,5,272.0,84.9,39.0,78.5,2215.0,5.6,300.0,1,3-2
1141,FF,93.0,3.41,54.03,5.5,2.0,1,0,1.0,3,2,1.05,0.8,-0.01,3.07,0,0,1,1,5,195.0,71.9,48.0,92.6,2206.0,6.5,122.0,1,3-2
1142,SL,79.9,3.45,54.88,5.33,6.0,1,0,1.0,3,2,-1.26,-0.2,0.42,2.28,0,0,1,1,5,0.0,0.0,0.0,78.3,2151.0,5.6,287.0,1,3-2
1171,SL,80.1,3.6,54.87,5.34,6.0,1,0,0.0,3,2,-1.02,-0.55,0.63,2.36,0,0,0,0,3,6.0,83.3,-20.0,78.9,2366.0,5.6,305.0,0,3-2
1172,FF,93.1,3.42,54.05,5.35,11.0,1,0,1.0,3,2,0.89,0.95,-0.4,3.42,0,0,0,0,3,176.0,69.1,59.0,92.9,2323.0,6.4,133.0,0,3-2
1201,SL,83.3,3.02,55.18,5.53,5.0,1,0,0.0,3,2,-1.06,-0.08,-0.26,2.08,0,1,0,2,5,351.0,99.1,43.0,81.8,2467.0,5.3,282.0,0,3-2
1202,CH,85.8,3.21,54.49,5.22,6.0,1,0,1.0,3,2,1.46,0.67,0.49,2.23,0,1,0,2,5,7.0,56.4,-19.0,85.2,1963.0,6.0,110.0,0,3-2
1223,CH,86.9,3.07,54.48,5.37,4.0,1,0,1.0,3,2,1.68,0.58,-0.36,2.59,0,0,0,2,4,0.0,0.0,0.0,86.2,2117.0,6.0,105.0,0,3-2
1285,SL,79.1,3.09,55.34,5.37,7.0,1,0,0.0,3,2,-0.88,-0.46,-0.5,1.64,0,1,0,0,1,39.0,81.7,1.0,77.1,2503.0,5.2,305.0,0,3-2
1322,FF,97.1,3.18,54.27,5.47,12.0,0,0,0.0,3,2,1.27,1.17,1.16,2.65,0,0,0,0,6,245.0,72.4,27.0,96.9,2418.0,6.2,130.0,4,3-2
1340,SL,79.4,3.2,55.04,5.43,5.0,1,0,1.0,3,2,-0.51,0.05,-0.08,2.8,0,0,0,0,5,0.0,0.0,0.0,78.1,2328.0,5.5,283.0,4,3-2
1349,FF,92.1,3.07,54.44,5.55,3.0,1,0,0.0,3,2,1.02,0.92,0.45,2.9,0,0,0,2,4,120.0,103.2,5.0,91.8,2236.0,6.1,128.0,4,3-2
1426,FF,93.8,3.17,54.63,5.62,12.0,1,0,0.0,3,2,1.34,1.07,1.42,3.75,0,0,0,0,6,0.0,0.0,0.0,92.8,2511.0,5.9,125.0,6,3-2
1427,FF,95.4,2.95,54.35,5.69,11.0,1,0,1.0,3,2,1.31,0.92,-1.08,2.59,0,0,0,0,6,0.0,0.0,0.0,94.7,2470.0,6.2,122.0,6,3-2
1459,FF,93.1,3.05,54.57,5.68,1.0,1,0,0.0,3,2,1.22,1.38,-0.65,2.82,0,0,0,1,4,0.0,80.0,69.0,92.2,2366.0,5.9,136.0,6,3-2
1476,FF,95.2,3.05,54.78,5.59,2.0,1,0,0.0,3,2,1.07,1.11,0.09,2.59,0,0,0,1,3,194.0,102.4,10.0,93.8,2404.0,5.7,133.0,5,3-2
1493,FF,93.5,2.91,54.62,5.69,13.0,1,0,1.0,3,2,1.17,0.98,-1.0,1.71,0,0,0,0,2,0.0,0.0,0.0,92.5,2454.0,5.9,126.0,5,3-2
1510,SL,78.0,2.85,54.85,5.65,13.0,1,0,0.0,3,2,-1.57,-0.9,-1.07,0.75,0,0,0,1,1,0.0,0.0,0.0,76.5,2365.0,5.7,304.0,5,3-2
1546,SL,76.5,3.13,55.42,5.59,13.0,1,0,0.0,3,2,-0.98,-0.27,-2.11,1.7,0,0,0,0,7,0.0,0.0,0.0,74.5,2341.0,5.1,294.0,1,3-2
1590,FF,91.5,3.07,54.65,5.66,12.0,1,0,1.0,3,2,1.21,1.08,0.92,3.81,0,0,0,0,4,0.0,0.0,0.0,90.4,2254.0,5.9,128.0,1,3-2
1633,FF,96.6,3.19,54.41,5.33,13.0,0,0,0.0,3,2,1.35,0.98,-0.85,1.56,0,0,0,0,1,0.0,0.0,0.0,95.7,2525.0,6.1,123.0,0,3-2
1681,SL,79.2,3.22,55.04,5.51,8.0,1,0,1.0,3,2,-1.59,-0.28,0.25,2.15,0,0,0,1,6,0.0,0.0,0.0,77.6,2265.0,5.5,286.0,-3,3-2
1697,SL,79.2,3.24,54.97,5.54,13.0,1,0,1.0,3,2,-1.71,-0.42,-0.96,1.48,0,0,0,1,5,0.0,0.0,0.0,77.4,2440.0,5.5,289.0,-1,3-2
1729,FF,95.3,3.4,54.57,5.48,3.0,1,0,1.0,3,2,1.1,0.95,0.35,3.21,0,1,0,1,3,0.0,0.0,0.0,94.4,2303.0,5.9,127.0,1,3-2
1730,FF,92.4,3.39,54.24,5.66,1.0,1,0,1.0,3,2,0.66,1.62,-0.58,2.97,0,1,0,1,3,140.0,58.0,33.0,91.4,2236.0,6.3,156.0,1,3-2
1740,CH,86.1,3.31,54.21,5.29,5.0,1,0,0.0,3,2,1.42,0.73,-0.22,2.66,0,0,0,0,3,146.0,90.1,74.0,85.4,1860.0,6.3,112.0,1,3-2
1741,SI,92.4,3.42,54.56,5.36,14.0,1,0,1.0,3,2,1.82,0.32,1.17,2.36,0,0,0,0,3,0.0,0.0,0.0,91.2,2016.0,5.9,96.0,1,3-2
1792,SL,81.7,3.02,55.16,5.69,6.0,1,0,0.0,3,2,-0.95,-0.46,0.62,2.5,1,1,0,2,6,0.0,80.0,69.0,80.0,2372.0,5.3,303.0,5,3-2
1793,FF,95.4,2.99,54.29,5.61,2.0,1,0,1.0,3,2,1.25,0.8,0.24,3.39,1,1,0,2,6,203.0,73.1,52.0,94.8,2363.0,6.2,119.0,5,3-2
1837,SL,78.4,3.09,55.11,5.54,5.0,1,0,0.0,3,2,-1.22,-0.76,-0.02,2.18,0,0,0,1,4,12.0,101.1,-11.0,76.8,2391.0,5.4,307.0,4,3-2
1889,SL,78.6,3.23,55.42,5.63,12.0,1,0,0.0,3,2,-0.56,-0.46,1.39,3.86,0,0,0,0,1,0.0,0.0,0.0,77.0,2316.0,5.1,318.0,2,3-2
1890,FF,92.8,3.17,54.35,5.78,5.0,1,0,1.0,3,2,1.16,1.11,-0.25,2.68,0,0,0,0,1,0.0,0.0,0.0,92.4,2371.0,6.2,130.0,2,3-2
1900,SL,81.6,2.94,55.11,5.63,12.0,1,0,0.0,3,2,-1.11,-0.31,2.11,2.97,0,0,1,0,7,0.0,0.0,0.0,80.4,2429.0,5.4,293.0,1,3-2
1910,FF,97.3,3.04,54.43,5.43,2.0,1,0,1.0,3,2,0.99,1.08,0.15,3.37,0,0,1,2,6,0.0,0.0,0.0,96.8,2342.0,6.1,134.0,1,3-2
1911,CH,87.5,3.05,54.0,5.22,7.0,1,0,1.0,3,2,1.52,0.41,-0.55,1.7,0,0,1,2,6,0.0,0.0,0.0,87.7,1987.0,6.5,101.0,1,3-2
1946,CH,83.9,3.3,54.36,5.28,12.0,1,0,0.0,3,2,1.43,0.08,1.38,2.89,0,0,0,2,4,0.0,0.0,0.0,83.6,1758.0,6.1,87.0,1,3-2
1947,FF,94.5,3.23,54.59,5.3,2.0,1,0,1.0,3,2,1.09,1.19,-0.21,3.3,0,0,0,2,4,192.0,71.0,55.0,93.7,2348.0,5.9,135.0,1,3-2
2011,FF,89.0,2.93,54.4,5.66,13.0,1,0,0.0,3,2,0.85,0.7,-1.38,0.62,0,0,0,1,9,0.0,0.0,0.0,88.7,2203.0,6.0,125.0,7,3-2
2070,FF,93.7,2.93,54.51,5.75,1.0,1,0,0.0,3,2,0.61,0.85,-0.35,3.26,0,0,0,0,4,341.0,97.3,41.0,93.0,2327.0,5.9,141.0,4,3-2
2071,FF,94.8,3.04,54.61,5.9,3.0,1,0,1.0,3,2,0.93,1.15,0.6,2.9,0,0,0,0,4,185.0,71.0,31.0,93.7,2373.0,5.8,138.0,4,3-2
2078,SI,96.3,2.8,54.34,5.57,4.0,1,0,1.0,3,2,1.02,0.55,-0.77,2.53,0,1,0,2,3,0.0,0.0,0.0,96.0,2372.0,6.1,113.0,0,3-2
2154,FF,92.3,3.25,54.44,5.39,14.0,1,0,0.0,3,2,1.46,0.86,0.96,1.82,0,0,0,0,6,4.0,74.6,-26.0,91.6,2244.0,6.1,117.0,0,3-2
2208,CH,87.9,3.31,53.95,5.26,3.0,1,0,0.0,3,2,1.86,0.9,0.36,2.7,0,0,0,1,1,5.0,69.8,-27.0,88.4,2001.0,6.5,113.0,0,3-2
2234,SI,90.7,3.25,54.7,5.43,6.0,1,0,0.0,3,2,1.52,0.46,0.5,2.0,0,1,0,2,6,23.0,77.8,-4.0,89.7,2136.0,5.8,103.0,0,3-2
2235,CH,87.4,3.16,54.53,5.31,2.0,1,0,1.0,3,2,1.52,0.47,0.28,2.55,0,1,0,2,6,0.0,0.0,0.0,86.7,1962.0,6.0,102.0,0,3-2
2346,FF,97.5,3.26,54.6,5.56,12.0,1,0,0.0,3,2,1.76,0.94,1.15,2.78,0,0,0,2,5,329.0,107.1,13.0,96.8,2405.0,5.9,115.0,0,3-2
2360,SL,76.7,3.19,55.26,5.42,6.0,1,0,1.0,3,2,-0.85,-0.33,0.73,2.2,1,0,0,2,4,0.0,0.0,0.0,74.8,2113.0,5.2,302.0,0,3-2
2405,SI,93.6,3.4,54.72,5.16,3.0,1,0,1.0,3,2,1.73,0.22,0.63,3.0,1,1,0,2,1,0.0,0.0,0.0,92.4,2106.0,5.8,93.0,-1,3-2
2406,SL,75.3,3.09,55.41,5.47,11.0,1,0,1.0,3,2,-1.29,-0.32,-1.04,2.45,1,1,0,2,1,0.0,0.0,0.0,72.9,2229.0,5.1,292.0,-1,3-2
2407,FF,96.3,3.27,54.72,5.51,1.0,1,0,1.0,3,2,0.99,0.79,-0.31,3.2,1,1,0,2,1,166.0,71.0,27.0,95.3,2224.0,5.8,125.0,-1,3-2
2408,CH,86.0,3.17,54.71,5.07,4.0,1,0,1.0,3,2,1.45,0.46,-0.3,2.49,1,1,0,2,1,0.0,0.0,0.0,84.6,2142.0,5.8,102.0,-1,3-2
2415,CH,84.8,3.4,54.94,5.45,7.0,1,0,0.0,3,2,1.37,0.76,-0.4,1.44,0,0,1,2,1,0.0,82.9,-21.0,83.2,1900.0,5.6,114.0,0,3-2
2416,SL,76.7,3.42,55.15,5.36,5.0,1,0,1.0,3,2,-0.99,-0.23,0.05,2.57,0,0,1,2,1,236.0,79.5,46.0,75.1,2282.0,5.4,293.0,0,3-2
2482,FF,93.7,3.14,54.54,5.57,12.0,1,0,1.0,3,2,0.85,1.26,1.17,2.95,1,0,0,0,3,0.0,0.0,0.0,93.1,2206.0,6.0,143.0,4,3-2
2512,SL,78.0,3.18,55.21,5.38,13.0,1,0,0.0,3,2,-1.42,-0.27,-1.43,1.91,0,0,1,2,2,0.0,0.0,0.0,76.0,2223.0,5.3,288.0,4,3-2
2530,FF,97.2,3.38,54.57,5.37,6.0,1,0,1.0,3,2,0.99,0.97,0.67,2.46,0,0,0,0,2,0.0,0.0,0.0,96.5,2347.0,5.9,131.0,4,3-2
2566,CH,87.6,3.37,54.74,5.39,5.0,1,0,0.0,3,2,1.65,0.24,-0.08,2.02,0,0,0,1,7,89.0,98.0,5.0,86.4,2073.0,5.8,93.0,-2,3-2
2623,FF,97.1,3.31,54.83,5.73,5.0,0,0,0.0,3,2,1.07,1.02,0.26,2.96,0,0,0,1,3,291.0,94.3,46.0,96.0,2324.0,5.7,131.0,0,3-2
2661,SL,77.4,3.42,55.39,5.47,14.0,1,0,0.0,3,2,-0.94,-0.35,0.52,1.35,0,0,0,0,7,252.0,76.8,40.0,75.9,2290.0,5.1,298.0,0,3-2
2692,FF,94.6,3.32,54.58,5.42,2.0,1,0,0.0,3,2,0.92,0.64,-0.04,3.28,1,0,0,2,5,292.0,84.0,41.0,93.6,2199.0,5.9,120.0,1,3-2
2709,SI,92.1,3.34,54.63,5.49,3.0,1,0,0.0,3,2,1.09,0.57,0.72,3.51,0,0,0,1,5,12.0,98.2,-16.0,91.3,2176.0,5.9,112.0,2,3-2
2710,FF,95.7,3.3,54.6,5.26,6.0,1,0,1.0,3,2,1.21,0.69,0.72,2.71,0,0,0,1,5,0.0,0.0,0.0,94.7,2307.0,5.9,115.0,2,3-2
2784,CH,85.9,2.91,53.65,5.48,12.0,1,0,0.0,3,2,1.63,0.34,1.73,3.88,0,0,0,1,6,0.0,0.0,0.0,86.7,2028.0,6.9,97.0,3,3-2
2801,FF,93.6,2.81,53.27,5.65,11.0,1,0,0.0,3,2,0.99,0.93,-0.1,4.19,0,0,0,2,5,0.0,0.0,0.0,95.3,2161.0,7.2,129.0,1,3-2
2822,FF,92.3,2.73,53.35,5.7,8.0,1,0,1.0,3,2,1.29,0.98,0.0,2.16,0,0,0,0,4,0.0,0.0,0.0,93.8,2193.0,7.1,124.0,1,3-2
2856,CH,85.5,2.85,53.66,5.53,9.0,1,0,1.0,3,2,1.55,0.36,0.28,2.04,0,0,0,0,2,0.0,0.0,0.0,86.1,1963.0,6.8,98.0,0,3-2
2870,CH,86.2,2.99,53.81,5.48,6.0,1,0,0.0,3,2,1.52,0.51,0.31,3.13,0,0,0,0,1,0.0,82.9,-21.0,86.5,2044.0,6.7,104.0,0,3-2
2901,CH,83.8,3.4,54.55,5.11,12.0,1,0,0.0,3,2,1.6,0.89,1.13,2.9,1,0,1,1,5,0.0,0.0,0.0,82.5,1991.0,6.0,114.0,3,3-2
2924,CH,86.7,3.41,54.8,5.13,3.0,1,0,0.0,3,2,1.63,0.95,0.79,3.37,0,0,0,2,4,66.0,93.8,2.0,85.1,2101.0,5.7,116.0,3,3-2
2925,FF,94.5,3.25,54.41,5.6,5.0,1,0,1.0,3,2,1.39,1.59,0.26,2.03,0,0,0,2,4,167.0,71.4,24.0,93.4,2320.0,6.1,136.0,3,3-2
2939,FF,90.5,3.17,54.34,5.48,14.0,1,0,0.0,3,2,1.48,1.47,1.34,2.08,0,0,0,2,3,0.0,0.0,0.0,89.6,2265.0,6.2,132.0,3,3-2
2940,CH,87.1,3.36,54.41,5.14,5.0,1,0,1.0,3,2,1.88,1.08,0.1,2.15,0,0,0,2,3,0.0,0.0,0.0,85.9,2108.0,6.1,116.0,3,3-2
2995,CH,87.1,3.25,54.17,5.23,12.0,1,0,1.0,3,2,1.63,0.6,1.24,3.39,0,0,1,0,8,0.0,0.0,0.0,86.7,1989.0,6.3,105.0,3,3-2
3006,SL,82.0,3.19,54.78,5.52,13.0,1,0,1.0,3,2,-1.32,-0.49,-1.46,2.14,0,0,1,2,7,0.0,0.0,0.0,80.8,2457.0,5.7,296.0,1,3-2
3007,CH,90.2,3.33,54.19,5.27,4.0,1,0,1.0,3,2,1.61,0.75,-0.69,2.73,0,0,1,2,7,216.0,103.5,13.0,89.8,2122.0,6.3,111.0,1,3-2
3045,SL,80.6,3.04,54.94,5.49,13.0,0,0,0.0,3,2,-1.06,-0.37,-0.93,0.94,0,0,0,1,5,0.0,0.0,0.0,79.1,2515.0,5.6,297.0,2,3-2
3077,FF,97.3,3.22,54.38,5.53,7.0,0,0,1.0,3,2,1.21,1.01,-0.49,2.24,0,0,0,1,2,0.0,0.0,0.0,96.8,2386.0,6.1,127.0,0,3-2
3130,FF,94.5,3.18,54.18,5.45,2.0,1,0,0.0,3,2,1.16,1.14,0.26,3.24,1,0,0,2,6,179.0,72.9,53.0,94.2,2268.0,6.3,131.0,-1,3-2
3155,SL,79.0,3.19,55.02,5.48,5.0,1,0,0.0,3,2,-1.01,0.03,0.2,2.8,1,0,0,1,4,293.0,105.5,15.0,77.7,2319.0,5.5,277.0,0,3-2
3156,FF,94.1,3.19,54.32,5.5,2.0,1,0,1.0,3,2,1.19,1.45,0.26,3.86,1,0,0,1,4,159.0,79.3,13.0,93.5,2299.0,6.2,138.0,0,3-2
3157,FF,97.2,3.18,54.29,5.5,2.0,1,0,1.0,3,2,1.43,1.5,0.28,3.59,1,0,0,1,4,208.0,77.3,58.0,96.3,2482.0,6.2,134.0,0,3-2
3250,CH,88.7,3.43,54.5,5.32,5.0,1,0,0.0,3,2,1.46,0.54,0.16,2.81,0,0,0,0,5,314.0,92.0,40.0,87.6,2097.0,6.0,105.0,0,3-2
3261,SL,83.1,3.35,55.05,5.53,3.0,1,0,1.0,3,2,-1.26,-0.13,0.38,3.07,1,1,0,2,4,0.0,0.0,0.0,81.7,2439.0,5.5,283.0,0,3-2
3349,CH,87.3,3.19,54.5,5.33,8.0,1,0,1.0,3,2,1.34,0.64,-0.01,2.0,0,0,0,0,5,0.0,0.0,0.0,86.8,2053.0,6.0,111.0,0,3-2
3359,SL,80.9,3.09,54.57,5.38,13.0,1,0,0.0,3,2,-1.26,-0.04,-0.58,1.17,0,0,0,1,4,0.0,0.0,0.0,80.2,2727.0,5.9,279.0,0,3-2
3387,FF,95.9,3.31,54.69,5.49,3.0,0,0,0.0,3,2,1.53,1.16,0.39,3.72,0,0,0,0,3,0.0,0.0,0.0,94.5,2546.0,5.8,124.0,1,3-2
3431,FF,96.5,3.23,54.46,5.43,2.0,1,0,1.0,3,2,0.82,1.35,0.0,3.42,0,0,0,1,8,0.0,0.0,0.0,95.7,2287.0,6.0,146.0,0,3-2
3449,SL,77.6,3.23,55.03,5.53,9.0,1,0,0.0,3,2,-0.98,-0.27,0.58,1.93,0,0,0,1,7,151.0,70.7,16.0,76.5,2182.0,5.5,294.0,0,3-2
3489,FF,96.5,3.2,53.88,5.57,8.0,1,0,1.0,3,2,1.29,1.29,0.09,2.35,0,0,0,0,4,0.0,0.0,0.0,96.9,2404.0,6.6,132.0,1,3-2
3496,SL,79.6,3.23,54.42,5.53,8.0,1,0,1.0,3,2,-1.29,0.58,-0.09,1.98,0,1,0,2,3,0.0,0.0,0.0,78.7,2422.0,6.1,253.0,1,3-2
3497,FF,97.1,3.29,54.34,5.33,1.0,1,0,1.0,3,2,1.41,1.07,-0.45,3.23,0,1,0,2,3,204.0,71.5,46.0,96.7,2320.0,6.2,124.0,1,3-2
3530,SL,76.5,3.34,54.51,5.26,13.0,1,0,0.0,3,2,-1.35,-0.38,-1.5,1.83,0,0,0,2,7,0.0,0.0,0.0,75.6,2220.0,6.0,285.0,0,3-2
3540,FF,93.1,3.43,54.34,5.33,6.0,1,0,0.0,3,2,1.57,1.29,0.74,2.5,0,0,0,0,7,232.0,74.1,38.0,92.1,2363.0,6.2,129.0,0,3-2
3541,FF,93.8,3.2,54.15,5.51,7.0,1,0,1.0,3,2,1.26,1.13,-0.6,2.18,0,0,0,0,7,0.0,0.0,0.0,93.1,2257.0,6.4,132.0,0,3-2
3575,CH,86.2,3.42,54.15,5.05,5.0,1,0,0.0,3,2,1.79,0.74,0.27,2.38,0,0,0,0,4,122.0,109.1,5.0,85.6,2097.0,6.4,113.0,0,3-2
3608,SI,95.9,3.3,53.93,5.26,8.0,1,0,0.0,3,2,1.53,0.73,-0.21,1.95,0,0,0,1,2,291.0,97.7,18.0,96.1,2188.0,6.6,116.0,0,3-2
